test,name,amount,size
lin,IntHamt16Java,1,152
lin,IntHamt16Java,2,160
lin,IntHamt16Java,4,184
lin,IntHamt16Java,8,232
lin,IntHamt16Java,16,328
lin,IntHamt16Java,32,2024
lin,IntHamt16Java,64,2408
lin,IntHamt16Java,128,3176
lin,IntHamt16Java,256,4712
lin,IntHamt16Java,512,31848
lin,IntHamt16Java,1024,37992
lin,IntHamt16Java,2048,50280
lin,IntHamt16Java,4096,74856
lin,IntHamt16Java,8192,509032
lin,IntHamt16Java,16384,607336
lin,IntHamt16Java,32768,803944
lin,IntHamt16Java,65536,1197160
lin,IntHamt16Java,131072,8143976
lin,IntHamt16Java,262144,9716840
lin,IntHamt16Java,524288,12862568
lin,IntHamt16Java,1048576,19154024
lin,IntHamt16Java,2097152,130303080
lin,IntHamt16Java,4194304,155468904
lin,IntHamt16Java,8388608,205800552
lin,IntChamp32Kotlin,1,120
lin,IntChamp32Kotlin,2,160
lin,IntChamp32Kotlin,4,240
lin,IntChamp32Kotlin,8,400
lin,IntChamp32Kotlin,16,720
lin,IntChamp32Kotlin,32,1360
lin,IntChamp32Kotlin,64,4688
lin,IntChamp32Kotlin,128,7248
lin,IntChamp32Kotlin,256,12368
lin,IntChamp32Kotlin,512,22608
lin,IntChamp32Kotlin,1024,43088
lin,IntChamp32Kotlin,2048,149584
lin,IntChamp32Kotlin,4096,231504
lin,IntChamp32Kotlin,8192,395344
lin,IntChamp32Kotlin,16384,723024
lin,IntChamp32Kotlin,32768,1378384
lin,IntChamp32Kotlin,65536,4786256
lin,IntChamp32Kotlin,131072,7407696
lin,IntChamp32Kotlin,262144,12650576
lin,IntChamp32Kotlin,524288,23136336
lin,IntChamp32Kotlin,1048576,44107856
lin,IntChamp32Kotlin,2097152,153159760
lin,IntChamp32Kotlin,4194304,237045840
lin,IntChamp32Kotlin,8388608,404818000
lin,ClojureTreeMap,1,136
lin,ClojureTreeMap,2,216
lin,ClojureTreeMap,4,360
lin,ClojureTreeMap,8,648
lin,ClojureTreeMap,16,1224
lin,ClojureTreeMap,32,2376
lin,ClojureTreeMap,64,4680
lin,ClojureTreeMap,128,9288
lin,ClojureTreeMap,256,18504
lin,ClojureTreeMap,512,36936
lin,ClojureTreeMap,1024,73800
lin,ClojureTreeMap,2048,147528
lin,ClojureTreeMap,4096,294984
lin,ClojureTreeMap,8192,589896
lin,ClojureTreeMap,16384,1179720
lin,ClojureTreeMap,32768,2359368
lin,ClojureTreeMap,65536,4718664
lin,ClojureTreeMap,131072,9437256
lin,ClojureTreeMap,262144,18874440
lin,ClojureTreeMap,524288,37748808
lin,ClojureTreeMap,1048576,75497544
lin,ClojureTreeMap,2097152,150995016
lin,ClojureTreeMap,4194304,301989960
lin,ClojureTreeMap,8388608,603979848
lin,PaguroTreeMap,1,192
lin,PaguroTreeMap,2,264
lin,PaguroTreeMap,4,392
lin,PaguroTreeMap,8,648
lin,PaguroTreeMap,16,1160
lin,PaguroTreeMap,32,2184
lin,PaguroTreeMap,64,4232
lin,PaguroTreeMap,128,8328
lin,PaguroTreeMap,256,16520
lin,PaguroTreeMap,512,32904
lin,PaguroTreeMap,1024,65672
lin,PaguroTreeMap,2048,131208
lin,PaguroTreeMap,4096,262280
lin,PaguroTreeMap,8192,524424
lin,PaguroTreeMap,16384,1048712
lin,PaguroTreeMap,32768,2097288
lin,PaguroTreeMap,65536,4194440
lin,PaguroTreeMap,131072,8388744
lin,PaguroTreeMap,262144,16777352
lin,PaguroTreeMap,524288,33554568
lin,PaguroTreeMap,1048576,67109000
lin,PaguroTreeMap,2097152,134217864
lin,PaguroTreeMap,4194304,268435592
lin,PaguroTreeMap,8388608,536871048
lin,ArrayMap,1,592
lin,ArrayMap,2,592
lin,ArrayMap,4,592
lin,ArrayMap,8,592
lin,ArrayMap,16,592
lin,ArrayMap,32,592
lin,ArrayMap,64,592
lin,ArrayMap,128,1104
lin,ArrayMap,256,2128
lin,ArrayMap,512,4176
lin,ArrayMap,1024,8272
lin,ArrayMap,2048,16464
lin,ArrayMap,4096,32848
lin,ArrayMap,8192,65616
lin,ArrayMap,16384,131152
lin,ArrayMap,32768,262224
lin,ArrayMap,65536,524368
lin,ArrayMap,131072,1048656
lin,ArrayMap,262144,2097232
lin,ArrayMap,524288,4194384
lin,ArrayMap,1048576,8388688
lin,ArrayMap,2097152,16777296
lin,ArrayMap,4194304,33554512
lin,ArrayMap,8388608,67108944
lin,IntHamt32Kotlin,1,152
lin,IntHamt32Kotlin,2,160
lin,IntHamt32Kotlin,4,184
lin,IntHamt32Kotlin,8,232
lin,IntHamt32Kotlin,16,328
lin,IntHamt32Kotlin,32,520
lin,IntHamt32Kotlin,64,3944
lin,IntHamt32Kotlin,128,4712
lin,IntHamt32Kotlin,256,6248
lin,IntHamt32Kotlin,512,9320
lin,IntHamt32Kotlin,1024,15464
lin,IntHamt32Kotlin,2048,125032
lin,IntHamt32Kotlin,4096,149608
lin,IntHamt32Kotlin,8192,198760
lin,IntHamt32Kotlin,16384,297064
lin,IntHamt32Kotlin,32768,493672
lin,IntHamt32Kotlin,65536,3999848
lin,IntHamt32Kotlin,131072,4786280
lin,IntHamt32Kotlin,262144,6359144
lin,IntHamt32Kotlin,524288,9504872
lin,IntHamt32Kotlin,1048576,15796328
lin,IntHamt32Kotlin,2097152,127993960
lin,IntHamt32Kotlin,4194304,153159784
lin,IntHamt32Kotlin,8388608,203491432
lin,ClojureRrbMap,1,480
lin,ClojureRrbMap,2,488
lin,ClojureRrbMap,4,504
lin,ClojureRrbMap,8,536
lin,ClojureRrbMap,16,600
lin,ClojureRrbMap,32,728
lin,ClojureRrbMap,64,1040
lin,ClojureRrbMap,128,1664
lin,ClojureRrbMap,256,2912
lin,ClojureRrbMap,512,5408
lin,ClojureRrbMap,1024,10400
lin,ClojureRrbMap,2048,21008
lin,ClojureRrbMap,4096,41600
lin,ClojureRrbMap,8192,82784
lin,ClojureRrbMap,16384,165152
lin,ClojureRrbMap,32768,329888
lin,ClojureRrbMap,65536,659984
lin,ClojureRrbMap,131072,1319552
lin,ClojureRrbMap,262144,2638688
lin,ClojureRrbMap,524288,5276960
lin,ClojureRrbMap,1048576,10553504
lin,ClojureRrbMap,2097152,21107216
lin,ClojureRrbMap,4194304,42214016
lin,ClojureRrbMap,8388608,84427616
lin,IntHamt64Java,1,152
lin,IntHamt64Java,2,160
lin,IntHamt64Java,4,184
lin,IntHamt64Java,8,232
lin,IntHamt64Java,16,328
lin,IntHamt64Java,32,520
lin,IntHamt64Java,64,14184
lin,IntHamt64Java,128,26216
lin,IntHamt64Java,256,50280
lin,IntHamt64Java,512,98408
lin,IntHamt64Java,1024,194664
lin,IntHamt64Java,2048,387176
lin,IntHamt64Java,4096,575592
lin,IntHamt64Java,8192,1083496
lin,IntHamt64Java,16384,2099304
lin,IntHamt64Java,32768,4130920
lin,IntHamt64Java,65536,8194152
lin,IntHamt64Java,131072,16320616
lin,IntHamt64Java,262144,28379240
lin,IntHamt64Java,524288,54593640
lin,IntHamt64Java,1048576,107022440
lin,IntHamt64Java,2097152,211880040
lin,IntHamt64Java,4194304,421595240
lin,IntHamt64Java,8388608,841025640
lin,PaguroRrbMap,1,176
lin,PaguroRrbMap,2,184
lin,PaguroRrbMap,4,200
lin,PaguroRrbMap,8,232
lin,PaguroRrbMap,16,296
lin,PaguroRrbMap,32,424
lin,PaguroRrbMap,64,680
lin,PaguroRrbMap,128,1368
lin,PaguroRrbMap,256,2616
lin,PaguroRrbMap,512,5112
lin,PaguroRrbMap,1024,10104
lin,PaguroRrbMap,2048,20216
lin,PaguroRrbMap,4096,40312
lin,PaguroRrbMap,8192,80504
lin,PaguroRrbMap,16384,160888
lin,PaguroRrbMap,32768,321656
lin,PaguroRrbMap,65536,643320
lin,PaguroRrbMap,131072,1286520
lin,PaguroRrbMap,262144,2572920
lin,PaguroRrbMap,524288,5145720
lin,PaguroRrbMap,1048576,10291320
lin,PaguroRrbMap,2097152,20582648
lin,PaguroRrbMap,4194304,41165176
lin,PaguroRrbMap,8388608,82330232
lin,PaguroVectorMap,1,464
lin,PaguroVectorMap,2,472
lin,PaguroVectorMap,4,488
lin,PaguroVectorMap,8,520
lin,PaguroVectorMap,16,584
lin,PaguroVectorMap,32,712
lin,PaguroVectorMap,64,1024
lin,PaguroVectorMap,128,1648
lin,PaguroVectorMap,256,2896
lin,PaguroVectorMap,512,5392
lin,PaguroVectorMap,1024,10384
lin,PaguroVectorMap,2048,20992
lin,PaguroVectorMap,4096,41584
lin,PaguroVectorMap,8192,82768
lin,PaguroVectorMap,16384,165136
lin,PaguroVectorMap,32768,329872
lin,PaguroVectorMap,65536,659968
lin,PaguroVectorMap,131072,1319536
lin,PaguroVectorMap,262144,2638672
lin,PaguroVectorMap,524288,5276944
lin,PaguroVectorMap,1048576,10553488
lin,PaguroVectorMap,2097152,21107200
lin,PaguroVectorMap,4194304,42214000
lin,PaguroVectorMap,8388608,84427600
lin,PaguroHashMap,1,256
lin,PaguroHashMap,2,296
lin,PaguroHashMap,4,376
lin,PaguroHashMap,8,536
lin,PaguroHashMap,16,856
lin,PaguroHashMap,32,4056
lin,PaguroHashMap,64,5336
lin,PaguroHashMap,128,7896
lin,PaguroHashMap,256,13016
lin,PaguroHashMap,512,23256
lin,PaguroHashMap,1024,125656
lin,PaguroHashMap,2048,166616
lin,PaguroHashMap,4096,248536
lin,PaguroHashMap,8192,412376
lin,PaguroHashMap,16384,740056
lin,PaguroHashMap,32768,4016856
lin,PaguroHashMap,65536,5327576
lin,PaguroHashMap,131072,7949016
lin,PaguroHashMap,262144,13191896
lin,PaguroHashMap,524288,23677656
lin,PaguroHashMap,1048576,128535256
lin,PaguroHashMap,2097152,170478296
lin,PaguroHashMap,4194304,254364376
lin,PaguroHashMap,8388608,422136536
lin,ScalaHashMap,1,168
lin,ScalaHashMap,2,208
lin,ScalaHashMap,4,296
lin,ScalaHashMap,8,472
lin,ScalaHashMap,16,824
lin,ScalaHashMap,32,2256
lin,ScalaHashMap,64,5344
lin,ScalaHashMap,128,9880
lin,ScalaHashMap,256,18120
lin,ScalaHashMap,512,36160
lin,ScalaHashMap,1024,78456
lin,ScalaHashMap,2048,167064
lin,ScalaHashMap,4096,309192
lin,ScalaHashMap,8192,561576
lin,ScalaHashMap,16384,1151512
lin,ScalaHashMap,32768,2513664
lin,ScalaHashMap,65536,5251512
lin,ScalaHashMap,131072,9827696
lin,ScalaHashMap,262144,18081608
lin,ScalaHashMap,524288,36889968
lin,ScalaHashMap,1048576,80345072
lin,ScalaHashMap,2097152,167994512
lin,ScalaHashMap,4194304,314371512
lin,ScalaHashMap,8388608,577599824
lin,IntHamt32Java,1,152
lin,IntHamt32Java,2,160
lin,IntHamt32Java,4,184
lin,IntHamt32Java,8,232
lin,IntHamt32Java,16,328
lin,IntHamt32Java,32,520
lin,IntHamt32Java,64,3944
lin,IntHamt32Java,128,4712
lin,IntHamt32Java,256,6248
lin,IntHamt32Java,512,9320
lin,IntHamt32Java,1024,15464
lin,IntHamt32Java,2048,125032
lin,IntHamt32Java,4096,149608
lin,IntHamt32Java,8192,198760
lin,IntHamt32Java,16384,297064
lin,IntHamt32Java,32768,493672
lin,IntHamt32Java,65536,3999848
lin,IntHamt32Java,131072,4786280
lin,IntHamt32Java,262144,6359144
lin,IntHamt32Java,524288,9504872
lin,IntHamt32Java,1048576,15796328
lin,IntHamt32Java,2097152,127993960
lin,IntHamt32Java,4194304,153159784
lin,IntHamt32Java,8388608,203491432
lin,ScalaRrbMap,1,176
lin,ScalaRrbMap,2,184
lin,ScalaRrbMap,4,200
lin,ScalaRrbMap,8,232
lin,ScalaRrbMap,16,296
lin,ScalaRrbMap,32,424
lin,ScalaRrbMap,64,984
lin,ScalaRrbMap,128,1544
lin,ScalaRrbMap,256,2664
lin,ScalaRrbMap,512,4904
lin,ScalaRrbMap,1024,9384
lin,ScalaRrbMap,2048,18904
lin,ScalaRrbMap,4096,37384
lin,ScalaRrbMap,8192,74344
lin,ScalaRrbMap,16384,148264
lin,ScalaRrbMap,32768,296104
lin,ScalaRrbMap,65536,592344
lin,ScalaRrbMap,131072,1184264
lin,ScalaRrbMap,262144,2368104
lin,ScalaRrbMap,524288,4735784
lin,ScalaRrbMap,1048576,9471144
lin,ScalaRrbMap,2097152,18942424
lin,ScalaRrbMap,4194304,37884424
lin,ScalaRrbMap,8388608,75768424
lin,SdkMap,1,176
lin,SdkMap,2,264
lin,SdkMap,4,440
lin,SdkMap,8,792
lin,SdkMap,16,1496
lin,SdkMap,32,2904
lin,SdkMap,64,5720
lin,SdkMap,128,11352
lin,SdkMap,256,22616
lin,SdkMap,512,45144
lin,SdkMap,1024,90200
lin,SdkMap,2048,180312
lin,SdkMap,4096,360536
lin,SdkMap,8192,720984
lin,SdkMap,16384,1441880
lin,SdkMap,32768,2883672
lin,SdkMap,65536,5767256
lin,SdkMap,131072,11534424
lin,SdkMap,262144,23068760
lin,SdkMap,524288,46137432
lin,SdkMap,1048576,92274776
lin,SdkMap,2097152,184549464
lin,SdkMap,4194304,369098840
lin,SdkMap,8388608,738197592
lin,IntChamp64Java,1,120
lin,IntChamp64Java,2,160
lin,IntChamp64Java,4,240
lin,IntChamp64Java,8,400
lin,IntChamp64Java,16,720
lin,IntChamp64Java,32,1360
lin,IntChamp64Java,64,14928
lin,IntChamp64Java,128,27728
lin,IntChamp64Java,256,53328
lin,IntChamp64Java,512,104528
lin,IntChamp64Java,1024,206928
lin,IntChamp64Java,2048,411728
lin,IntChamp64Java,4096,624720
lin,IntChamp64Java,8192,1181776
lin,IntChamp64Java,16384,2295888
lin,IntChamp64Java,32768,4524112
lin,IntChamp64Java,65536,8980560
lin,IntChamp64Java,131072,17893456
lin,IntChamp64Java,262144,31524944
lin,IntChamp64Java,524288,60885072
lin,IntChamp64Java,1048576,119605328
lin,IntChamp64Java,2097152,237045840
lin,IntChamp64Java,4194304,471926864
lin,IntChamp64Java,8388608,941688912
lin,ScalaTreeMap,1,232
lin,ScalaTreeMap,2,312
lin,ScalaTreeMap,4,472
lin,ScalaTreeMap,8,792
lin,ScalaTreeMap,16,1432
lin,ScalaTreeMap,32,2712
lin,ScalaTreeMap,64,5272
lin,ScalaTreeMap,128,10392
lin,ScalaTreeMap,256,20632
lin,ScalaTreeMap,512,41112
lin,ScalaTreeMap,1024,82072
lin,ScalaTreeMap,2048,163992
lin,ScalaTreeMap,4096,327832
lin,ScalaTreeMap,8192,655512
lin,ScalaTreeMap,16384,1310872
lin,ScalaTreeMap,32768,2621592
lin,ScalaTreeMap,65536,5243032
lin,ScalaTreeMap,131072,10485912
lin,ScalaTreeMap,262144,20971672
lin,ScalaTreeMap,524288,41943192
lin,ScalaTreeMap,1048576,83886232
lin,ScalaTreeMap,2097152,167772312
lin,ScalaTreeMap,4194304,335544472
lin,ScalaTreeMap,8388608,671088792
lin,ScalaIntMap,1,56
lin,ScalaIntMap,2,128
lin,ScalaIntMap,4,272
lin,ScalaIntMap,8,560
lin,ScalaIntMap,16,1136
lin,ScalaIntMap,32,2288
lin,ScalaIntMap,64,4592
lin,ScalaIntMap,128,9200
lin,ScalaIntMap,256,18416
lin,ScalaIntMap,512,36848
lin,ScalaIntMap,1024,73712
lin,ScalaIntMap,2048,147440
lin,ScalaIntMap,4096,294896
lin,ScalaIntMap,8192,589808
lin,ScalaIntMap,16384,1179632
lin,ScalaIntMap,32768,2359280
lin,ScalaIntMap,65536,4718576
lin,ScalaIntMap,131072,9437168
lin,ScalaIntMap,262144,18874352
lin,ScalaIntMap,524288,37748720
lin,ScalaIntMap,1048576,75497456
lin,ScalaIntMap,2097152,150994928
lin,ScalaIntMap,4194304,301989872
lin,ScalaIntMap,8388608,603979760
lin,IntChamp32Java,1,120
lin,IntChamp32Java,2,160
lin,IntChamp32Java,4,240
lin,IntChamp32Java,8,400
lin,IntChamp32Java,16,720
lin,IntChamp32Java,32,1360
lin,IntChamp32Java,64,4688
lin,IntChamp32Java,128,7248
lin,IntChamp32Java,256,12368
lin,IntChamp32Java,512,22608
lin,IntChamp32Java,1024,43088
lin,IntChamp32Java,2048,149584
lin,IntChamp32Java,4096,231504
lin,IntChamp32Java,8192,395344
lin,IntChamp32Java,16384,723024
lin,IntChamp32Java,32768,1378384
lin,IntChamp32Java,65536,4786256
lin,IntChamp32Java,131072,7407696
lin,IntChamp32Java,262144,12650576
lin,IntChamp32Java,524288,23136336
lin,IntChamp32Java,1048576,44107856
lin,IntChamp32Java,2097152,153159760
lin,IntChamp32Java,4194304,237045840
lin,IntChamp32Java,8388608,404818000
lin,IntImplicitKeyHamtKotlin,1,560
lin,IntImplicitKeyHamtKotlin,2,1016
lin,IntImplicitKeyHamtKotlin,4,1928
lin,IntImplicitKeyHamtKotlin,8,3752
lin,IntImplicitKeyHamtKotlin,16,7400
lin,IntImplicitKeyHamtKotlin,32,14696
lin,IntImplicitKeyHamtKotlin,64,27240
lin,IntImplicitKeyHamtKotlin,128,52328
lin,IntImplicitKeyHamtKotlin,256,102504
lin,IntImplicitKeyHamtKotlin,512,202856
lin,IntImplicitKeyHamtKotlin,1024,403560
lin,IntImplicitKeyHamtKotlin,2048,739432
lin,IntImplicitKeyHamtKotlin,4096,1411176
lin,IntImplicitKeyHamtKotlin,8192,2754664
lin,IntImplicitKeyHamtKotlin,16384,5441640
lin,IntImplicitKeyHamtKotlin,32768,10815592
lin,IntImplicitKeyHamtKotlin,65536,19466344
lin,IntImplicitKeyHamtKotlin,131072,36767848
lin,IntImplicitKeyHamtKotlin,262144,71370856
lin,IntImplicitKeyHamtKotlin,524288,140576872
lin,IntImplicitKeyHamtKotlin,1048576,278988904
lin,IntImplicitKeyHamtKotlin,2097152,488704104
lin,IntImplicitKeyHamtKotlin,4194304,908134504
lin,IntImplicitKeyHamtKotlin,8388608,1746995304
lin,ClojureHashMap,1,104
lin,ClojureHashMap,2,144
lin,ClojureHashMap,4,224
lin,ClojureHashMap,8,384
lin,ClojureHashMap,16,976
lin,ClojureHashMap,32,3096
lin,ClojureHashMap,64,5000
lin,ClojureHashMap,128,8368
lin,ClojureHashMap,256,17112
lin,ClojureHashMap,512,38912
lin,ClojureHashMap,1024,98672
lin,ClojureHashMap,2048,161176
lin,ClojureHashMap,4096,273016
lin,ClojureHashMap,8192,524728
lin,ClojureHashMap,16384,1207264
lin,ClojureHashMap,32768,3169664
lin,ClojureHashMap,65536,5117400
lin,ClojureHashMap,131072,8693344
lin,ClojureHashMap,262144,16691704
lin,ClojureHashMap,524288,38694024
lin,ClojureHashMap,1048576,101116304
lin,ClojureHashMap,2097152,163605880
lin,ClojureHashMap,4194304,277701240
lin,ClojureHashMap,8388608,533348280
lin,RadixTreeRedux,1,120
lin,RadixTreeRedux,2,128
lin,RadixTreeRedux,4,144
lin,RadixTreeRedux,8,176
lin,RadixTreeRedux,16,240
lin,RadixTreeRedux,32,368
lin,RadixTreeRedux,64,624
lin,RadixTreeRedux,128,1248
lin,RadixTreeRedux,256,2384
lin,RadixTreeRedux,512,4656
lin,RadixTreeRedux,1024,9200
lin,RadixTreeRedux,2048,18288
lin,RadixTreeRedux,4096,36576
lin,RadixTreeRedux,8192,73040
lin,RadixTreeRedux,16384,145968
lin,RadixTreeRedux,32768,291824
lin,RadixTreeRedux,65536,583536
lin,RadixTreeRedux,131072,1167072
lin,RadixTreeRedux,262144,2334032
lin,RadixTreeRedux,524288,4667952
lin,RadixTreeRedux,1048576,9335792
lin,RadixTreeRedux,2097152,18671472
lin,RadixTreeRedux,4194304,37342944
lin,RadixTreeRedux,8388608,74685776
lincumu,IntHamt16Java,1,184
lincumu,IntHamt16Java,2,328
lincumu,IntHamt16Java,4,656
lincumu,IntHamt16Java,8,1456
lincumu,IntHamt16Java,16,3632
lincumu,IntHamt16Java,32,10440
lincumu,IntHamt16Java,64,21576
lincumu,IntHamt16Java,128,46152
lincumu,IntHamt16Java,256,104520
lincumu,IntHamt16Java,512,260552
lincumu,IntHamt16Java,1024,532936
lincumu,IntHamt16Java,2048,1114568
lincumu,IntHamt16Java,4096,2425288
lincumu,IntHamt16Java,8192,5675464
lincumu,IntHamt16Java,16384,11540936
lincumu,IntHamt16Java,32768,23861704
lincumu,IntHamt16Java,65536,50862536
lincumu,IntHamt16Java,131072,114923976
lincumu,IntHamt16Java,262144,232888776
lincumu,IntHamt16Java,524288,478255560
lincumu,IntHamt16Java,1048576,1006737864
lincumu,IntHamt16Java,2097152,2224658888
lincumu,IntHamt16Java,4194304,4497971656
lincumu,IntHamt16Java,8388608,9195592136
lincumu,IntChamp32Kotlin,1,152
lincumu,IntChamp32Kotlin,2,296
lincumu,IntChamp32Kotlin,4,632
lincumu,IntChamp32Kotlin,8,1496
lincumu,IntChamp32Kotlin,16,3992
lincumu,IntChamp32Kotlin,32,12056
lincumu,IntChamp32Kotlin,64,30616
lincumu,IntChamp32Kotlin,128,61336
lincumu,IntChamp32Kotlin,256,128920
lincumu,IntChamp32Kotlin,512,288664
lincumu,IntChamp32Kotlin,1024,706456
lincumu,IntChamp32Kotlin,2048,1619864
lincumu,IntChamp32Kotlin,4096,3241880
lincumu,IntChamp32Kotlin,8192,6682520
lincumu,IntChamp32Kotlin,16384,14350232
lincumu,IntChamp32Kotlin,32768,32831384
lincumu,IntChamp32Kotlin,65536,72284056
lincumu,IntChamp32Kotlin,131072,144635800
lincumu,IntChamp32Kotlin,262144,295630744
lincumu,IntChamp32Kotlin,524288,622786456
lincumu,IntChamp32Kotlin,1048576,1377761176
lincumu,IntChamp32Kotlin,2097152,2967402392
lincumu,IntChamp32Kotlin,4194304,5936969624
lincumu,IntChamp32Kotlin,8388608,12077430680
lincumu,ClojureTreeMap,1,168
lincumu,ClojureTreeMap,2,352
lincumu,ClojureTreeMap,4,816
lincumu,ClojureTreeMap,8,2024
lincumu,ClojureTreeMap,16,5056
lincumu,ClojureTreeMap,32,12408
lincumu,ClojureTreeMap,64,29744
lincumu,ClojureTreeMap,128,69736
lincumu,ClojureTreeMap,256,160416
lincumu,ClojureTreeMap,512,363224
lincumu,ClojureTreeMap,1024,811792
lincumu,ClojureTreeMap,2048,1794888
lincumu,ClojureTreeMap,4096,3933056
lincumu,ClojureTreeMap,8192,8553400
lincumu,ClojureTreeMap,16384,18482160
lincumu,ClojureTreeMap,32768,39715880
lincumu,ClojureTreeMap,65536,84935776
lincumu,ClojureTreeMap,131072,180880536
lincumu,ClojureTreeMap,262144,383780048
lincumu,ClojureTreeMap,524288,811599112
lincumu,ClojureTreeMap,1048576,1711277376
lincumu,ClojureTreeMap,2097152,3598714232
lincumu,ClojureTreeMap,4194304,7549748656
lincumu,ClojureTreeMap,8388608,15804138984
lincumu,PaguroTreeMap,1,224
lincumu,PaguroTreeMap,2,376
lincumu,PaguroTreeMap,4,760
lincumu,PaguroTreeMap,8,1768
lincumu,PaguroTreeMap,16,4312
lincumu,PaguroTreeMap,32,10504
lincumu,PaguroTreeMap,64,25144
lincumu,PaguroTreeMap,128,58984
lincumu,PaguroTreeMap,256,135832
lincumu,PaguroTreeMap,512,307912
lincumu,PaguroTreeMap,1024,688888
lincumu,PaguroTreeMap,2048,1524520
lincumu,PaguroTreeMap,4096,3343192
lincumu,PaguroTreeMap,8192,7275400
lincumu,PaguroTreeMap,16384,15729592
lincumu,PaguroTreeMap,32768,33817576
lincumu,PaguroTreeMap,65536,72352792
lincumu,PaguroTreeMap,131072,154141768
lincumu,PaguroTreeMap,262144,327156856
lincumu,PaguroTreeMap,524288,692061352
lincumu,PaguroTreeMap,1048576,1459619032
lincumu,PaguroTreeMap,2097152,3070231816
lincumu,PaguroTreeMap,4194304,6442452280
lincumu,PaguroTreeMap,8388608,13488883048
lincumu,ArrayMap,1,624
lincumu,ArrayMap,2,1200
lincumu,ArrayMap,4,2352
lincumu,ArrayMap,8,4656
lincumu,ArrayMap,16,9264
lincumu,ArrayMap,32,18480
lincumu,ArrayMap,64,36912
lincumu,ArrayMap,128,106544
lincumu,ArrayMap,256,376880
lincumu,ArrayMap,512,1441840
lincumu,ArrayMap,1024,5668912
lincumu,ArrayMap,2048,22511664
lincumu,ArrayMap,4096,89751600
lincumu,ArrayMap,8192,358449200
lincumu,ArrayMap,16384,1432715312
lincumu,ArrayMap,32768,5728731184
lincumu,ArrayMap,65536,22910697520
lincumu,ArrayMap,131072,91634368560
lincumu,IntHamt32Kotlin,1,184
lincumu,IntHamt32Kotlin,2,328
lincumu,IntHamt32Kotlin,4,656
lincumu,IntHamt32Kotlin,8,1456
lincumu,IntHamt32Kotlin,16,3632
lincumu,IntHamt32Kotlin,32,10288
lincumu,IntHamt32Kotlin,64,28104
lincumu,IntHamt32Kotlin,128,58568
lincumu,IntHamt32Kotlin,256,124104
lincumu,IntHamt32Kotlin,512,273608
lincumu,IntHamt32Kotlin,1024,646344
lincumu,IntHamt32Kotlin,2048,1535944
lincumu,IntHamt32Kotlin,4096,3149768
lincumu,IntHamt32Kotlin,8192,6524872
lincumu,IntHamt32Kotlin,16384,13864904
lincumu,IntHamt32Kotlin,32768,30904264
lincumu,IntHamt32Kotlin,65536,69595080
lincumu,IntHamt32Kotlin,131072,141684680
lincumu,IntHamt32Kotlin,262144,290582472
lincumu,IntHamt32Kotlin,524288,607252424
lincumu,IntHamt32Kotlin,1048576,1316089800
lincumu,IntHamt32Kotlin,2097152,2881351624
lincumu,IntHamt32Kotlin,4194304,5842530248
lincumu,IntHamt32Kotlin,8388608,11915882440
lincumu,ClojureRrbMap,1,512
lincumu,ClojureRrbMap,2,648
lincumu,ClojureRrbMap,4,944
lincumu,ClojureRrbMap,8,1632
lincumu,ClojureRrbMap,16,3392
lincumu,ClojureRrbMap,32,8448
lincumu,ClojureRrbMap,64,16856
lincumu,ClojureRrbMap,128,33672
lincumu,ClojureRrbMap,256,67304
lincumu,ClojureRrbMap,512,134568
lincumu,ClojureRrbMap,1024,269096
lincumu,ClojureRrbMap,2048,547824
lincumu,ClojureRrbMap,4096,1105904
lincumu,ClojureRrbMap,8192,2222064
lincumu,ClojureRrbMap,16384,4454384
lincumu,ClojureRrbMap,32768,8919024
lincumu,ClojureRrbMap,65536,18167480
lincumu,ClojureRrbMap,131072,36665016
lincumu,ClojureRrbMap,262144,73660088
lincumu,ClojureRrbMap,524288,147650232
lincumu,ClojureRrbMap,1048576,295630520
lincumu,ClojureRrbMap,2097152,601814400
lincumu,ClojureRrbMap,4194304,1214182784
lincumu,ClojureRrbMap,8388608,2438919552
lincumu,IntHamt64Java,1,184
lincumu,IntHamt64Java,2,328
lincumu,IntHamt64Java,4,656
lincumu,IntHamt64Java,8,1456
lincumu,IntHamt64Java,16,3632
lincumu,IntHamt64Java,32,10288
lincumu,IntHamt64Java,64,38344
lincumu,IntHamt64Java,128,80072
lincumu,IntHamt64Java,256,165064
lincumu,IntHamt64Java,512,341192
lincumu,IntHamt64Java,1024,718024
lincumu,IntHamt64Java,2048,1569992
lincumu,IntHamt64Java,4096,3921096
lincumu,IntHamt64Java,8192,8197320
lincumu,IntHamt64Java,16384,16848072
lincumu,IntHamt64Java,32768,34542792
lincumu,IntHamt64Java,65536,71505096
lincumu,IntHamt64Java,131072,151721160
lincumu,IntHamt64Java,262144,344134856
lincumu,IntHamt64Java,524288,709039304
lincumu,IntHamt64Java,1048576,1445139656
lincumu,IntHamt64Java,2097152,2942506184
lincumu,IntHamt64Java,4194304,6037902536
lincumu,IntHamt64Java,8388608,12631348424
lincumu,PaguroRrbMap,1,208
lincumu,PaguroRrbMap,2,328
lincumu,PaguroRrbMap,4,592
lincumu,PaguroRrbMap,8,1216
lincumu,PaguroRrbMap,16,2848
lincumu,PaguroRrbMap,32,7648
lincumu,PaguroRrbMap,64,15224
lincumu,PaguroRrbMap,128,30528
lincumu,PaguroRrbMap,256,61232
lincumu,PaguroRrbMap,512,123024
lincumu,PaguroRrbMap,1024,248144
lincumu,PaguroRrbMap,2048,498824
lincumu,PaguroRrbMap,4096,1001080
lincumu,PaguroRrbMap,8192,2008664
lincumu,PaguroRrbMap,16384,4036120
lincumu,PaguroRrbMap,32768,8140184
lincumu,PaguroRrbMap,65536,16356688
lincumu,PaguroRrbMap,131072,32814400
lincumu,PaguroRrbMap,262144,65828128
lincumu,PaguroRrbMap,524288,132248800
lincumu,PaguroRrbMap,1048576,266663008
lincumu,PaguroRrbMap,2097152,535753752
lincumu,PaguroRrbMap,4194304,1074721800
lincumu,PaguroRrbMap,8388608,2155803624
lincumu,PaguroVectorMap,1,496
lincumu,PaguroVectorMap,2,616
lincumu,PaguroVectorMap,4,880
lincumu,PaguroVectorMap,8,1504
lincumu,PaguroVectorMap,16,3136
lincumu,PaguroVectorMap,32,7936
lincumu,PaguroVectorMap,64,15832
lincumu,PaguroVectorMap,128,31624
lincumu,PaguroVectorMap,256,63208
lincumu,PaguroVectorMap,512,126376
lincumu,PaguroVectorMap,1024,252712
lincumu,PaguroVectorMap,2048,515056
lincumu,PaguroVectorMap,4096,1040368
lincumu,PaguroVectorMap,8192,2090992
lincumu,PaguroVectorMap,16384,4192240
lincumu,PaguroVectorMap,32768,8394736
lincumu,PaguroVectorMap,65536,17118904
lincumu,PaguroVectorMap,131072,34567864
lincumu,PaguroVectorMap,262144,69465784
lincumu,PaguroVectorMap,524288,139261624
lincumu,PaguroVectorMap,1048576,278853304
lincumu,PaguroVectorMap,2097152,568259968
lincumu,PaguroVectorMap,4194304,1147073920
lincumu,PaguroVectorMap,8388608,2304701824
lincumu,PaguroHashMap,1,288
lincumu,PaguroHashMap,2,472
lincumu,PaguroHashMap,4,888
lincumu,PaguroHashMap,8,1912
lincumu,PaguroHashMap,16,4728
lincumu,PaguroHashMap,32,14072
lincumu,PaguroHashMap,64,30456
lincumu,PaguroHashMap,128,64760
lincumu,PaguroHashMap,256,139512
lincumu,PaguroHashMap,512,313592
lincumu,PaguroHashMap,1024,780536
lincumu,PaguroHashMap,2048,1640696
lincumu,PaguroHashMap,4096,3410168
lincumu,PaguroHashMap,8192,7145720
lincumu,PaguroHashMap,16384,15403256
lincumu,PaguroHashMap,32768,35719416
lincumu,PaguroHashMap,65536,73992440
lincumu,PaguroHashMap,131072,152111352
lincumu,PaguroHashMap,262144,314640632
lincumu,PaguroHashMap,524288,664865016
lincumu,PaguroHashMap,1048576,1486948600
lincumu,PaguroHashMap,2097152,3055618296
lincumu,PaguroHashMap,4194304,6243289336
lincumu,PaguroHashMap,8388608,12819958008
lincumu,ScalaHashMap,1,200
lincumu,ScalaHashMap,2,392
lincumu,ScalaHashMap,4,840
lincumu,ScalaHashMap,8,1976
lincumu,ScalaHashMap,16,5208
lincumu,ScalaHashMap,32,15568
lincumu,ScalaHashMap,64,34920
lincumu,ScalaHashMap,128,71000
lincumu,ScalaHashMap,256,150856
lincumu,ScalaHashMap,512,331720
lincumu,ScalaHashMap,1024,756600
lincumu,ScalaHashMap,2048,1679880
lincumu,ScalaHashMap,4096,3574048
lincumu,ScalaHashMap,8192,7478112
lincumu,ScalaHashMap,16384,16001992
lincumu,ScalaHashMap,32768,34806840
lincumu,ScalaHashMap,65536,75035232
lincumu,ScalaHashMap,131072,157025672
lincumu,ScalaHashMap,262144,325245472
lincumu,ScalaHashMap,524288,683797920
lincumu,ScalaHashMap,1048576,1458129312
lincumu,ScalaHashMap,2097152,3090118680
lincumu,ScalaHashMap,4194304,6402251976
lincumu,ScalaHashMap,8388608,13161326528
lincumu,IntHamt32Java,1,184
lincumu,IntHamt32Java,2,328
lincumu,IntHamt32Java,4,656
lincumu,IntHamt32Java,8,1456
lincumu,IntHamt32Java,16,3632
lincumu,IntHamt32Java,32,10288
lincumu,IntHamt32Java,64,28104
lincumu,IntHamt32Java,128,58568
lincumu,IntHamt32Java,256,124104
lincumu,IntHamt32Java,512,273608
lincumu,IntHamt32Java,1024,646344
lincumu,IntHamt32Java,2048,1535944
lincumu,IntHamt32Java,4096,3149768
lincumu,IntHamt32Java,8192,6524872
lincumu,IntHamt32Java,16384,13864904
lincumu,IntHamt32Java,32768,30904264
lincumu,IntHamt32Java,65536,69595080
lincumu,IntHamt32Java,131072,141684680
lincumu,IntHamt32Java,262144,290582472
lincumu,IntHamt32Java,524288,607252424
lincumu,IntHamt32Java,1048576,1316089800
lincumu,IntHamt32Java,2097152,2881351624
lincumu,IntHamt32Java,4194304,5842530248
lincumu,IntHamt32Java,8388608,11915882440
lincumu,ScalaRrbMap,1,208
lincumu,ScalaRrbMap,2,376
lincumu,ScalaRrbMap,4,736
lincumu,ScalaRrbMap,8,1552
lincumu,ScalaRrbMap,16,3568
lincumu,ScalaRrbMap,32,9136
lincumu,ScalaRrbMap,64,22472
lincumu,ScalaRrbMap,128,49144
lincumu,ScalaRrbMap,256,102488
lincumu,ScalaRrbMap,512,209176
lincumu,ScalaRrbMap,1024,422552
lincumu,ScalaRrbMap,2048,858544
lincumu,ScalaRrbMap,4096,1730528
lincumu,ScalaRrbMap,8192,3474496
lincumu,ScalaRrbMap,16384,6962432
lincumu,ScalaRrbMap,32768,13938304
lincumu,ScalaRrbMap,65536,28177048
lincumu,ScalaRrbMap,131072,56654536
lincumu,ScalaRrbMap,262144,113609512
lincumu,ScalaRrbMap,524288,227519464
lincumu,ScalaRrbMap,1048576,455339368
lincumu,ScalaRrbMap,2097152,920154496
lincumu,ScalaRrbMap,4194304,1849784752
lincumu,ScalaRrbMap,8388608,3709045264
lincumu,SdkMap,1,208
lincumu,SdkMap,2,456
lincumu,SdkMap,4,1160
lincumu,SdkMap,8,3336
lincumu,SdkMap,16,10760
lincumu,SdkMap,32,37896
lincumu,SdkMap,64,141320
lincumu,SdkMap,128,544776
lincumu,SdkMap,256,2138120
lincumu,SdkMap,512,8470536
lincumu,SdkMap,1024,33718280
lincumu,SdkMap,2048,134545416
lincumu,SdkMap,4096,537526280
lincumu,SdkMap,8192,2148794376
lincumu,SdkMap,16384,8592556040
lincumu,IntChamp64Java,1,152
lincumu,IntChamp64Java,2,296
lincumu,IntChamp64Java,4,632
lincumu,IntChamp64Java,8,1496
lincumu,IntChamp64Java,16,3992
lincumu,IntChamp64Java,32,12056
lincumu,IntChamp64Java,64,40856
lincumu,IntChamp64Java,128,80280
lincumu,IntChamp64Java,256,160664
lincumu,IntChamp64Java,512,327576
lincumu,IntChamp64Java,1024,685976
lincumu,IntChamp64Java,2048,1501080
lincumu,IntChamp64Java,4096,3753880
lincumu,IntChamp64Java,8192,7858072
lincumu,IntChamp64Java,16384,16164760
lincumu,IntChamp64Java,32768,33171352
lincumu,IntChamp64Java,65536,68757400
lincumu,IntChamp64Java,131072,146220952
lincumu,IntChamp64Java,262144,332343192
lincumu,IntChamp64Java,524288,685451160
lincumu,IntChamp64Java,1048576,1397958552
lincumu,IntChamp64Java,2097152,2848139160
lincumu,IntChamp64Java,4194304,5849163672
lincumu,IntChamp64Java,8388608,12253865880
lincumu,ScalaTreeMap,1,264
lincumu,ScalaTreeMap,2,440
lincumu,ScalaTreeMap,4,904
lincumu,ScalaTreeMap,8,2112
lincumu,ScalaTreeMap,16,5144
lincumu,ScalaTreeMap,32,12496
lincumu,ScalaTreeMap,64,29832
lincumu,ScalaTreeMap,128,69824
lincumu,ScalaTreeMap,256,160504
lincumu,ScalaTreeMap,512,363312
lincumu,ScalaTreeMap,1024,811880
lincumu,ScalaTreeMap,2048,1794976
lincumu,ScalaTreeMap,4096,3933144
lincumu,ScalaTreeMap,8192,8553488
lincumu,ScalaTreeMap,16384,18482248
lincumu,ScalaTreeMap,32768,39715968
lincumu,ScalaTreeMap,65536,84935864
lincumu,ScalaTreeMap,131072,180880624
lincumu,ScalaTreeMap,262144,383780136
lincumu,ScalaTreeMap,524288,811599200
lincumu,ScalaTreeMap,1048576,1711277464
lincumu,ScalaTreeMap,2097152,3598714320
lincumu,ScalaTreeMap,4194304,7549748744
lincumu,ScalaTreeMap,8388608,15804139072
lincumu,ScalaIntMap,1,88
lincumu,ScalaIntMap,2,168
lincumu,ScalaIntMap,4,368
lincumu,ScalaIntMap,8,848
lincumu,ScalaIntMap,16,1968
lincumu,ScalaIntMap,32,4528
lincumu,ScalaIntMap,64,10288
lincumu,ScalaIntMap,128,23088
lincumu,ScalaIntMap,256,51248
lincumu,ScalaIntMap,512,112688
lincumu,ScalaIntMap,1024,245808
lincumu,ScalaIntMap,2048,532528
lincumu,ScalaIntMap,4096,1146928
lincumu,ScalaIntMap,8192,2457648
lincumu,ScalaIntMap,16384,5242928
lincumu,ScalaIntMap,32768,11141168
lincumu,ScalaIntMap,65536,23593008
lincumu,ScalaIntMap,131072,49807408
lincumu,ScalaIntMap,262144,104857648
lincumu,ScalaIntMap,524288,220201008
lincumu,ScalaIntMap,1048576,461373488
lincumu,ScalaIntMap,2097152,964689968
lincumu,ScalaIntMap,4194304,2013265968
lincumu,ScalaIntMap,8388608,4194304048
lincumu,IntChamp32Java,1,152
lincumu,IntChamp32Java,2,296
lincumu,IntChamp32Java,4,632
lincumu,IntChamp32Java,8,1496
lincumu,IntChamp32Java,16,3992
lincumu,IntChamp32Java,32,12056
lincumu,IntChamp32Java,64,30616
lincumu,IntChamp32Java,128,61336
lincumu,IntChamp32Java,256,128920
lincumu,IntChamp32Java,512,288664
lincumu,IntChamp32Java,1024,706456
lincumu,IntChamp32Java,2048,1619864
lincumu,IntChamp32Java,4096,3241880
lincumu,IntChamp32Java,8192,6682520
lincumu,IntChamp32Java,16384,14350232
lincumu,IntChamp32Java,32768,32831384
lincumu,IntChamp32Java,65536,72284056
lincumu,IntChamp32Java,131072,144635800
lincumu,IntChamp32Java,262144,295630744
lincumu,IntChamp32Java,524288,622786456
lincumu,IntChamp32Java,1048576,1377761176
lincumu,IntChamp32Java,2097152,2967402392
lincumu,IntChamp32Java,4194304,5936969624
lincumu,IntChamp32Java,8388608,12077430680
lincumu,IntImplicitKeyHamtKotlin,1,592
lincumu,IntImplicitKeyHamtKotlin,2,1144
lincumu,IntImplicitKeyHamtKotlin,4,2272
lincumu,IntImplicitKeyHamtKotlin,8,4624
lincumu,IntImplicitKeyHamtKotlin,16,9712
lincumu,IntImplicitKeyHamtKotlin,32,21424
lincumu,IntImplicitKeyHamtKotlin,64,47024
lincumu,IntImplicitKeyHamtKotlin,128,98992
lincumu,IntImplicitKeyHamtKotlin,256,206000
lincumu,IntImplicitKeyHamtKotlin,512,432304
lincumu,IntImplicitKeyHamtKotlin,1024,934064
lincumu,IntImplicitKeyHamtKotlin,2048,2007216
lincumu,IntImplicitKeyHamtKotlin,4096,4178096
lincumu,IntImplicitKeyHamtKotlin,8192,8618160
lincumu,IntImplicitKeyHamtKotlin,16384,17891504
lincumu,IntImplicitKeyHamtKotlin,32768,38011056
lincumu,IntImplicitKeyHamtKotlin,65536,80478384
lincumu,IntImplicitKeyHamtKotlin,131072,166199472
lincumu,IntImplicitKeyHamtKotlin,262144,340787376
lincumu,IntImplicitKeyHamtKotlin,524288,702546096
lincumu,IntImplicitKeyHamtKotlin,1048576,1476395184
lincumu,IntImplicitKeyHamtKotlin,2097152,3095396528
lincumu,IntImplicitKeyHamtKotlin,4194304,6358565040
lincumu,IntImplicitKeyHamtKotlin,8388608,12985565360
lincumu,ClojureHashMap,1,136
lincumu,ClojureHashMap,2,264
lincumu,ClojureHashMap,4,568
lincumu,ClojureHashMap,8,1368
lincumu,ClojureHashMap,16,4344
lincumu,ClojureHashMap,32,13000
lincumu,ClojureHashMap,64,29824
lincumu,ClojureHashMap,128,64784
lincumu,ClojureHashMap,256,142000
lincumu,ClojureHashMap,512,321192
lincumu,ClojureHashMap,1024,752288
lincumu,ClojureHashMap,2048,1615056
lincumu,ClojureHashMap,4096,3389768
lincumu,ClojureHashMap,8192,7153336
lincumu,ClojureHashMap,16384,15502864
lincumu,ClojureHashMap,32768,34583120
lincumu,ClojureHashMap,65536,72576496
lincumu,ClojureHashMap,131072,150329912
lincumu,ClojureHashMap,262144,312681160
lincumu,ClojureHashMap,524288,663835224
lincumu,ClojureHashMap,1048576,1442469840
lincumu,ClojureHashMap,2097152,2993931976
lincumu,ClojureHashMap,4194304,6152207456
lincumu,ClojureHashMap,8388608,12688570608
lincumu,RadixTreeRedux,1,152
lincumu,RadixTreeRedux,2,264
lincumu,RadixTreeRedux,4,512
lincumu,RadixTreeRedux,8,1104
lincumu,RadixTreeRedux,16,2672
lincumu,RadixTreeRedux,32,7344
lincumu,RadixTreeRedux,64,22832
lincumu,RadixTreeRedux,128,49712
lincumu,RadixTreeRedux,256,105008
lincumu,RadixTreeRedux,512,221744
lincumu,RadixTreeRedux,1024,479792
lincumu,RadixTreeRedux,2048,1094192
lincumu,RadixTreeRedux,4096,2322992
lincumu,RadixTreeRedux,8192,4830240
lincumu,RadixTreeRedux,16384,10041344
lincumu,RadixTreeRedux,32768,21249984
lincumu,RadixTreeRedux,65536,46812992
lincumu,RadixTreeRedux,131072,97938760
lincumu,RadixTreeRedux,262144,201764152
lincumu,RadixTreeRedux,524288,415706392
lincumu,RadixTreeRedux,1048576,868756696
lincumu,RadixTreeRedux,2097152,1875520600
lincumu,RadixTreeRedux,4194304,3889047912
lincumu,RadixTreeRedux,8388608,7966435672
rand,IntHamt16Java,1,152
rand,IntHamt16Java,2,160
rand,IntHamt16Java,4,184
rand,IntHamt16Java,8,232
rand,IntHamt16Java,16,1480
rand,IntHamt16Java,32,2072
rand,IntHamt16Java,64,2432
rand,IntHamt16Java,128,3208
rand,IntHamt16Java,256,22296
rand,IntHamt16Java,512,30632
rand,IntHamt16Java,1024,38432
rand,IntHamt16Java,2048,50736
rand,IntHamt16Java,4096,365736
rand,IntHamt16Java,8192,495736
rand,IntHamt16Java,16384,613720
rand,IntHamt16Java,32768,812104
rand,IntHamt16Java,65536,5873312
rand,IntHamt16Java,131072,7878072
rand,IntHamt16Java,262144,9824936
rand,IntHamt16Java,524288,12994472
rand,IntHamt16Java,1048576,93967288
rand,IntHamt16Java,2097152,126112856
rand,IntHamt16Java,4194304,157178752
rand,IntHamt16Java,8388608,207897256
rand,IntChamp32Kotlin,1,144
rand,IntChamp32Kotlin,2,160
rand,IntChamp32Kotlin,4,240
rand,IntChamp32Kotlin,8,400
rand,IntChamp32Kotlin,16,744
rand,IntChamp32Kotlin,32,1896
rand,IntChamp32Kotlin,64,3944
rand,IntChamp32Kotlin,128,7208
rand,IntChamp32Kotlin,256,12392
rand,IntChamp32Kotlin,512,22632
rand,IntChamp32Kotlin,1024,59880
rand,IntChamp32Kotlin,2048,129832
rand,IntChamp32Kotlin,4096,228968
rand,IntChamp32Kotlin,8192,395368
rand,IntChamp32Kotlin,16384,723048
rand,IntChamp32Kotlin,32768,1906064
rand,IntChamp32Kotlin,65536,4134608
rand,IntChamp32Kotlin,131072,7331664
rand,IntChamp32Kotlin,262144,12650128
rand,IntChamp32Kotlin,524288,23136336
rand,IntChamp32Kotlin,1048576,60882064
rand,IntChamp32Kotlin,2097152,132154512
rand,IntChamp32Kotlin,4194304,234679248
rand,IntChamp32Kotlin,8388608,404801104
rand,ClojureTreeMap,1,160
rand,ClojureTreeMap,2,216
rand,ClojureTreeMap,4,360
rand,ClojureTreeMap,8,648
rand,ClojureTreeMap,16,1264
rand,ClojureTreeMap,32,2448
rand,ClojureTreeMap,64,4768
rand,ClojureTreeMap,128,9456
rand,ClojureTreeMap,256,18736
rand,ClojureTreeMap,512,37504
rand,ClojureTreeMap,1024,74992
rand,ClojureTreeMap,2048,149904
rand,ClojureTreeMap,4096,299472
rand,ClojureTreeMap,8192,599648
rand,ClojureTreeMap,16384,1198400
rand,ClojureTreeMap,32768,2396824
rand,ClojureTreeMap,65536,4793432
rand,ClojureTreeMap,131072,9587816
rand,ClojureTreeMap,262144,19175256
rand,ClojureTreeMap,524288,38347544
rand,ClojureTreeMap,1048576,76697960
rand,ClojureTreeMap,2097152,153391848
rand,ClojureTreeMap,4194304,306782440
rand,ClojureTreeMap,8388608,613571208
rand,PaguroTreeMap,1,216
rand,PaguroTreeMap,2,264
rand,PaguroTreeMap,4,392
rand,PaguroTreeMap,8,648
rand,PaguroTreeMap,16,1200
rand,PaguroTreeMap,32,2256
rand,PaguroTreeMap,64,4320
rand,PaguroTreeMap,128,8496
rand,PaguroTreeMap,256,16752
rand,PaguroTreeMap,512,33472
rand,PaguroTreeMap,1024,66864
rand,PaguroTreeMap,2048,133584
rand,PaguroTreeMap,4096,266768
rand,PaguroTreeMap,8192,534176
rand,PaguroTreeMap,16384,1067392
rand,PaguroTreeMap,32768,2134744
rand,PaguroTreeMap,65536,4269208
rand,PaguroTreeMap,131072,8539304
rand,PaguroTreeMap,262144,17078168
rand,PaguroTreeMap,524288,34153304
rand,PaguroTreeMap,1048576,68309416
rand,PaguroTreeMap,2097152,136614696
rand,PaguroTreeMap,4194304,273228072
rand,PaguroTreeMap,8388608,546462408
rand,ArrayMap,1,592
rand,ArrayMap,2,592
rand,ArrayMap,4,592
rand,ArrayMap,8,592
rand,ArrayMap,16,592
rand,ArrayMap,32,592
rand,ArrayMap,64,1584
rand,ArrayMap,128,3072
rand,ArrayMap,256,6048
rand,ArrayMap,512,12016
rand,ArrayMap,1024,23936
rand,ArrayMap,2048,47776
rand,ArrayMap,4096,95456
rand,ArrayMap,8192,190816
rand,ArrayMap,16384,381536
rand,ArrayMap,32768,762992
rand,ArrayMap,65536,1525904
rand,ArrayMap,131072,3051712
rand,ArrayMap,262144,6103328
rand,ArrayMap,524288,12206576
rand,ArrayMap,1048576,24413072
rand,ArrayMap,2097152,48826064
rand,ArrayMap,4194304,97652032
rand,ArrayMap,8388608,195303984
rand,IntHamt32Kotlin,1,152
rand,IntHamt32Kotlin,2,160
rand,IntHamt32Kotlin,4,184
rand,IntHamt32Kotlin,8,232
rand,IntHamt32Kotlin,16,328
rand,IntHamt32Kotlin,32,2856
rand,IntHamt32Kotlin,64,3928
rand,IntHamt32Kotlin,128,4784
rand,IntHamt32Kotlin,256,6336
rand,IntHamt32Kotlin,512,9376
rand,IntHamt32Kotlin,1024,89592
rand,IntHamt32Kotlin,2048,121240
rand,IntHamt32Kotlin,4096,151440
rand,IntHamt32Kotlin,8192,200768
rand,IntHamt32Kotlin,16384,299080
rand,IntHamt32Kotlin,32768,2880224
rand,IntHamt32Kotlin,65536,3869600
rand,IntHamt32Kotlin,131072,4838832
rand,IntHamt32Kotlin,262144,6424072
rand,IntHamt32Kotlin,524288,9570880
rand,IntHamt32Kotlin,1048576,92331496
rand,IntHamt32Kotlin,2097152,123803736
rand,IntHamt32Kotlin,4194304,154869632
rand,IntHamt32Kotlin,8388608,205588136
rand,ClojureRrbMap,1,488
rand,ClojureRrbMap,2,496
rand,ClojureRrbMap,4,536
rand,ClojureRrbMap,8,600
rand,ClojureRrbMap,16,728
rand,ClojureRrbMap,32,1064
rand,ClojureRrbMap,64,1712
rand,ClojureRrbMap,128,2960
rand,ClojureRrbMap,256,5456
rand,ClojureRrbMap,512,10448
rand,ClojureRrbMap,1024,21080
rand,ClojureRrbMap,2048,41664
rand,ClojureRrbMap,4096,82848
rand,ClojureRrbMap,8192,165208
rand,ClojureRrbMap,16384,329952
rand,ClojureRrbMap,32768,660104
rand,ClojureRrbMap,65536,1319688
rand,ClojureRrbMap,131072,2638856
rand,ClojureRrbMap,262144,5277168
rand,ClojureRrbMap,524288,10553704
rand,ClojureRrbMap,1048576,21107424
rand,ClojureRrbMap,2097152,42214256
rand,ClojureRrbMap,4194304,84427872
rand,ClojureRrbMap,8388608,168855128
rand,IntHamt64Java,1,152
rand,IntHamt64Java,2,160
rand,IntHamt64Java,4,184
rand,IntHamt64Java,8,232
rand,IntHamt64Java,16,328
rand,IntHamt64Java,32,5416
rand,IntHamt64Java,64,9656
rand,IntHamt64Java,128,19088
rand,IntHamt64Java,256,40704
rand,IntHamt64Java,512,77128
rand,IntHamt64Java,1024,154384
rand,IntHamt64Java,2048,361984
rand,IntHamt64Java,4096,680000
rand,IntHamt64Java,8192,1314536
rand,IntHamt64Java,16384,2567632
rand,IntHamt64Java,32768,5084224
rand,IntHamt64Java,65536,10096408
rand,IntHamt64Java,131072,19205680
rand,IntHamt64Java,262144,36448888
rand,IntHamt64Java,524288,70649112
rand,IntHamt64Java,1048576,139182752
rand,IntHamt64Java,2097152,276222952
rand,IntHamt64Java,4194304,550264232
rand,IntHamt64Java,8388608,1040652584
rand,PaguroRrbMap,1,184
rand,PaguroRrbMap,2,192
rand,PaguroRrbMap,4,232
rand,PaguroRrbMap,8,296
rand,PaguroRrbMap,16,424
rand,PaguroRrbMap,32,680
rand,PaguroRrbMap,64,1368
rand,PaguroRrbMap,128,2616
rand,PaguroRrbMap,256,5112
rand,PaguroRrbMap,512,10104
rand,PaguroRrbMap,1024,20216
rand,PaguroRrbMap,2048,40304
rand,PaguroRrbMap,4096,80496
rand,PaguroRrbMap,8192,160872
rand,PaguroRrbMap,16384,321624
rand,PaguroRrbMap,32768,643320
rand,PaguroRrbMap,65536,1286512
rand,PaguroRrbMap,131072,2572920
rand,PaguroRrbMap,262144,5145712
rand,PaguroRrbMap,524288,10291304
rand,PaguroRrbMap,1048576,20582616
rand,PaguroRrbMap,2097152,41165152
rand,PaguroRrbMap,4194304,82330224
rand,PaguroRrbMap,8388608,164660344
rand,PaguroVectorMap,1,472
rand,PaguroVectorMap,2,480
rand,PaguroVectorMap,4,520
rand,PaguroVectorMap,8,584
rand,PaguroVectorMap,16,712
rand,PaguroVectorMap,32,1048
rand,PaguroVectorMap,64,1696
rand,PaguroVectorMap,128,2944
rand,PaguroVectorMap,256,5440
rand,PaguroVectorMap,512,10432
rand,PaguroVectorMap,1024,21064
rand,PaguroVectorMap,2048,41648
rand,PaguroVectorMap,4096,82832
rand,PaguroVectorMap,8192,165192
rand,PaguroVectorMap,16384,329936
rand,PaguroVectorMap,32768,660088
rand,PaguroVectorMap,65536,1319672
rand,PaguroVectorMap,131072,2638840
rand,PaguroVectorMap,262144,5277152
rand,PaguroVectorMap,524288,10553688
rand,PaguroVectorMap,1048576,21107408
rand,PaguroVectorMap,2097152,42214240
rand,PaguroVectorMap,4194304,84427856
rand,PaguroVectorMap,8388608,168855112
rand,PaguroHashMap,1,280
rand,PaguroHashMap,2,296
rand,PaguroHashMap,4,376
rand,PaguroHashMap,8,536
rand,PaguroHashMap,16,880
rand,PaguroHashMap,32,3560
rand,PaguroHashMap,64,5288
rand,PaguroHashMap,128,7920
rand,PaguroHashMap,256,13040
rand,PaguroHashMap,512,44176
rand,PaguroHashMap,1024,111520
rand,PaguroHashMap,2048,164768
rand,PaguroHashMap,4096,248696
rand,PaguroHashMap,8192,412400
rand,PaguroHashMap,16384,1444424
rand,PaguroHashMap,32768,3586272
rand,PaguroHashMap,65536,5258696
rand,PaguroHashMap,131072,7945288
rand,PaguroHashMap,262144,13192008
rand,PaguroHashMap,524288,46134560
rand,PaguroHashMap,1048576,114969216
rand,PaguroHashMap,2097152,168182096
rand,PaguroHashMap,4194304,254267656
rand,PaguroHashMap,8388608,422136368
rand,ScalaHashMap,1,192
rand,ScalaHashMap,2,208
rand,ScalaHashMap,4,296
rand,ScalaHashMap,8,472
rand,ScalaHashMap,16,1056
rand,ScalaHashMap,32,2608
rand,ScalaHashMap,64,5264
rand,ScalaHashMap,128,9680
rand,ScalaHashMap,256,17608
rand,ScalaHashMap,512,35808
rand,ScalaHashMap,1024,79712
rand,ScalaHashMap,2048,164120
rand,ScalaHashMap,4096,307728
rand,ScalaHashMap,8192,568272
rand,ScalaHashMap,16384,1151936
rand,ScalaHashMap,32768,2513328
rand,ScalaHashMap,65536,5245648
rand,ScalaHashMap,131072,9830560
rand,ScalaHashMap,262144,18081536
rand,ScalaHashMap,524288,36855944
rand,ScalaHashMap,1048576,80331728
rand,ScalaHashMap,2097152,168004496
rand,ScalaHashMap,4194304,314320712
rand,ScalaHashMap,8388608,577376880
rand,IntHamt32Java,1,152
rand,IntHamt32Java,2,160
rand,IntHamt32Java,4,184
rand,IntHamt32Java,8,232
rand,IntHamt32Java,16,328
rand,IntHamt32Java,32,2856
rand,IntHamt32Java,64,3928
rand,IntHamt32Java,128,4784
rand,IntHamt32Java,256,6336
rand,IntHamt32Java,512,9376
rand,IntHamt32Java,1024,89592
rand,IntHamt32Java,2048,121240
rand,IntHamt32Java,4096,151440
rand,IntHamt32Java,8192,200768
rand,IntHamt32Java,16384,299080
rand,IntHamt32Java,32768,2880224
rand,IntHamt32Java,65536,3869600
rand,IntHamt32Java,131072,4838832
rand,IntHamt32Java,262144,6424072
rand,IntHamt32Java,524288,9570880
rand,IntHamt32Java,1048576,92331496
rand,IntHamt32Java,2097152,123803736
rand,IntHamt32Java,4194304,154869632
rand,IntHamt32Java,8388608,205588136
rand,ScalaRrbMap,1,184
rand,ScalaRrbMap,2,192
rand,ScalaRrbMap,4,232
rand,ScalaRrbMap,8,296
rand,ScalaRrbMap,16,424
rand,ScalaRrbMap,32,984
rand,ScalaRrbMap,64,1544
rand,ScalaRrbMap,128,2664
rand,ScalaRrbMap,256,4904
rand,ScalaRrbMap,512,9384
rand,ScalaRrbMap,1024,18904
rand,ScalaRrbMap,2048,37384
rand,ScalaRrbMap,4096,74344
rand,ScalaRrbMap,8192,148264
rand,ScalaRrbMap,16384,296104
rand,ScalaRrbMap,32768,592344
rand,ScalaRrbMap,65536,1184264
rand,ScalaRrbMap,131072,2368104
rand,ScalaRrbMap,262144,4735784
rand,ScalaRrbMap,524288,9471144
rand,ScalaRrbMap,1048576,18942424
rand,ScalaRrbMap,2097152,37884424
rand,ScalaRrbMap,4194304,75768424
rand,ScalaRrbMap,8388608,151536424
rand,SdkMap,1,200
rand,SdkMap,2,264
rand,SdkMap,4,440
rand,SdkMap,8,792
rand,SdkMap,16,1520
rand,SdkMap,32,2928
rand,SdkMap,64,5744
rand,SdkMap,128,11376
rand,SdkMap,256,22640
rand,SdkMap,512,45168
rand,SdkMap,1024,90224
rand,SdkMap,2048,180336
rand,SdkMap,4096,360560
rand,SdkMap,8192,721008
rand,SdkMap,16384,1441904
rand,SdkMap,32768,2883672
rand,SdkMap,65536,5767256
rand,SdkMap,131072,11534424
rand,SdkMap,262144,23068760
rand,SdkMap,524288,46137432
rand,SdkMap,1048576,92274776
rand,SdkMap,2097152,184549464
rand,SdkMap,4194304,369098840
rand,SdkMap,8388608,738197592
rand,IntChamp64Java,1,144
rand,IntChamp64Java,2,160
rand,IntChamp64Java,4,240
rand,IntChamp64Java,8,400
rand,IntChamp64Java,16,744
rand,IntChamp64Java,32,4456
rand,IntChamp64Java,64,8744
rand,IntChamp64Java,128,17448
rand,IntChamp64Java,256,33192
rand,IntChamp64Java,512,64872
rand,IntChamp64Java,1024,122152
rand,IntChamp64Java,2048,343720
rand,IntChamp64Java,4096,652712
rand,IntChamp64Java,8192,1243432
rand,IntChamp64Java,16384,2411944
rand,IntChamp64Java,32768,4786768
rand,IntChamp64Java,65536,9506896
rand,IntChamp64Java,131072,18390736
rand,IntChamp64Java,262144,34747792
rand,IntChamp64Java,524288,67335312
rand,IntChamp64Java,1048576,132515024
rand,IntChamp64Java,2097152,262899280
rand,IntChamp64Java,4194304,523658576
rand,IntChamp64Java,8388608,987269264
rand,ScalaTreeMap,1,256
rand,ScalaTreeMap,2,312
rand,ScalaTreeMap,4,472
rand,ScalaTreeMap,8,792
rand,ScalaTreeMap,16,1456
rand,ScalaTreeMap,32,2736
rand,ScalaTreeMap,64,5296
rand,ScalaTreeMap,128,10416
rand,ScalaTreeMap,256,20656
rand,ScalaTreeMap,512,41136
rand,ScalaTreeMap,1024,82096
rand,ScalaTreeMap,2048,164016
rand,ScalaTreeMap,4096,327856
rand,ScalaTreeMap,8192,655536
rand,ScalaTreeMap,16384,1310896
rand,ScalaTreeMap,32768,2621592
rand,ScalaTreeMap,65536,5243032
rand,ScalaTreeMap,131072,10485912
rand,ScalaTreeMap,262144,20971672
rand,ScalaTreeMap,524288,41943192
rand,ScalaTreeMap,1048576,83886232
rand,ScalaTreeMap,2097152,167772312
rand,ScalaTreeMap,4194304,335544472
rand,ScalaTreeMap,8388608,671088792
rand,ScalaIntMap,1,56
rand,ScalaIntMap,2,128
rand,ScalaIntMap,4,272
rand,ScalaIntMap,8,560
rand,ScalaIntMap,16,1136
rand,ScalaIntMap,32,2288
rand,ScalaIntMap,64,4592
rand,ScalaIntMap,128,9200
rand,ScalaIntMap,256,18416
rand,ScalaIntMap,512,36848
rand,ScalaIntMap,1024,73712
rand,ScalaIntMap,2048,147440
rand,ScalaIntMap,4096,294896
rand,ScalaIntMap,8192,589808
rand,ScalaIntMap,16384,1179632
rand,ScalaIntMap,32768,2359280
rand,ScalaIntMap,65536,4718576
rand,ScalaIntMap,131072,9437168
rand,ScalaIntMap,262144,18874352
rand,ScalaIntMap,524288,37748720
rand,ScalaIntMap,1048576,75497456
rand,ScalaIntMap,2097152,150994928
rand,ScalaIntMap,4194304,301989872
rand,ScalaIntMap,8388608,603979760
rand,IntChamp32Java,1,144
rand,IntChamp32Java,2,160
rand,IntChamp32Java,4,240
rand,IntChamp32Java,8,400
rand,IntChamp32Java,16,744
rand,IntChamp32Java,32,1896
rand,IntChamp32Java,64,3944
rand,IntChamp32Java,128,7208
rand,IntChamp32Java,256,12392
rand,IntChamp32Java,512,22632
rand,IntChamp32Java,1024,59880
rand,IntChamp32Java,2048,129832
rand,IntChamp32Java,4096,228968
rand,IntChamp32Java,8192,395368
rand,IntChamp32Java,16384,723048
rand,IntChamp32Java,32768,1906064
rand,IntChamp32Java,65536,4134608
rand,IntChamp32Java,131072,7331664
rand,IntChamp32Java,262144,12650128
rand,IntChamp32Java,524288,23136336
rand,IntChamp32Java,1048576,60882064
rand,IntChamp32Java,2097152,132154512
rand,IntChamp32Java,4194304,234679248
rand,IntChamp32Java,8388608,404801104
rand,IntImplicitKeyHamtKotlin,1,560
rand,IntImplicitKeyHamtKotlin,2,1016
rand,IntImplicitKeyHamtKotlin,4,1928
rand,IntImplicitKeyHamtKotlin,8,3752
rand,IntImplicitKeyHamtKotlin,16,7400
rand,IntImplicitKeyHamtKotlin,32,14184
rand,IntImplicitKeyHamtKotlin,64,27176
rand,IntImplicitKeyHamtKotlin,128,52328
rand,IntImplicitKeyHamtKotlin,256,102504
rand,IntImplicitKeyHamtKotlin,512,202856
rand,IntImplicitKeyHamtKotlin,1024,386792
rand,IntImplicitKeyHamtKotlin,2048,735528
rand,IntImplicitKeyHamtKotlin,4096,1411048
rand,IntImplicitKeyHamtKotlin,8192,2754664
rand,IntImplicitKeyHamtKotlin,16384,5441640
rand,IntImplicitKeyHamtKotlin,32768,10287912
rand,IntImplicitKeyHamtKotlin,65536,19335976
rand,IntImplicitKeyHamtKotlin,131072,36759208
rand,IntImplicitKeyHamtKotlin,262144,71370856
rand,IntImplicitKeyHamtKotlin,524288,140576872
rand,IntImplicitKeyHamtKotlin,1048576,262214696
rand,IntImplicitKeyHamtKotlin,2097152,484508904
rand,IntImplicitKeyHamtKotlin,4194304,907874408
rand,IntImplicitKeyHamtKotlin,8388608,1746994408
rand,ClojureHashMap,1,128
rand,ClojureHashMap,2,144
rand,ClojureHashMap,4,224
rand,ClojureHashMap,8,384
rand,ClojureHashMap,16,1328
rand,ClojureHashMap,32,3160
rand,ClojureHashMap,64,4888
rand,ClojureHashMap,128,8656
rand,ClojureHashMap,256,16944
rand,ClojureHashMap,512,36200
rand,ClojureHashMap,1024,100528
rand,ClojureHashMap,2048,160816
rand,ClojureHashMap,4096,273240
rand,ClojureHashMap,8192,526776
rand,ClojureHashMap,16384,1203368
rand,ClojureHashMap,32768,3161904
rand,ClojureHashMap,65536,5112288
rand,ClojureHashMap,131072,8676112
rand,ClojureHashMap,262144,16699488
rand,ClojureHashMap,524288,38791744
rand,ClojureHashMap,1048576,101005056
rand,ClojureHashMap,2097152,163648784
rand,ClojureHashMap,4194304,277708560
rand,ClojureHashMap,8388608,533090272
rand,RadixTreeRedux,1,128
rand,RadixTreeRedux,2,136
rand,RadixTreeRedux,4,176
rand,RadixTreeRedux,8,240
rand,RadixTreeRedux,16,368
rand,RadixTreeRedux,32,624
rand,RadixTreeRedux,64,1248
rand,RadixTreeRedux,128,2384
rand,RadixTreeRedux,256,4656
rand,RadixTreeRedux,512,9200
rand,RadixTreeRedux,1024,18288
rand,RadixTreeRedux,2048,36568
rand,RadixTreeRedux,4096,73032
rand,RadixTreeRedux,8192,145952
rand,RadixTreeRedux,16384,291792
rand,RadixTreeRedux,32768,583536
rand,RadixTreeRedux,65536,1167064
rand,RadixTreeRedux,131072,2334032
rand,RadixTreeRedux,262144,4667944
rand,RadixTreeRedux,524288,9335776
rand,RadixTreeRedux,1048576,18671440
rand,RadixTreeRedux,2097152,37342920
rand,RadixTreeRedux,4194304,74685768
rand,RadixTreeRedux,8388608,149371440
randcumu,IntHamt16Java,1,184
randcumu,IntHamt16Java,2,328
randcumu,IntHamt16Java,4,656
randcumu,IntHamt16Java,8,1456
randcumu,IntHamt16Java,16,4472
randcumu,IntHamt16Java,32,9224
randcumu,IntHamt16Java,64,20208
randcumu,IntHamt16Java,128,45152
randcumu,IntHamt16Java,256,113648
randcumu,IntHamt16Java,512,238720
randcumu,IntHamt16Java,1024,506880
randcumu,IntHamt16Java,2048,1091200
randcumu,IntHamt16Java,4096,2560280
randcumu,IntHamt16Java,8192,5328112
randcumu,IntHamt16Java,16384,11155648
randcumu,IntHamt16Java,32768,23505968
randcumu,IntHamt16Java,65536,53036120
randcumu,IntHamt16Java,131072,109318184
randcumu,IntHamt16Java,262144,226707944
randcumu,IntHamt16Java,524288,472443272
randcumu,IntHamt16Java,1048576,1041405632
randcumu,IntHamt16Java,2097152,2135149544
randcumu,IntHamt16Java,4194304,4399383560
randcumu,IntHamt16Java,8388608,9102319704
randcumu,IntChamp32Kotlin,1,176
randcumu,IntChamp32Kotlin,2,296
randcumu,IntChamp32Kotlin,4,632
randcumu,IntChamp32Kotlin,8,1496
randcumu,IntChamp32Kotlin,16,4016
randcumu,IntChamp32Kotlin,32,11320
randcumu,IntChamp32Kotlin,64,27256
randcumu,IntChamp32Kotlin,128,61232
randcumu,IntChamp32Kotlin,256,126040
randcumu,IntChamp32Kotlin,512,287680
randcumu,IntChamp32Kotlin,1024,661752
randcumu,IntChamp32Kotlin,2048,1475696
randcumu,IntChamp32Kotlin,4096,3118944
randcumu,IntChamp32Kotlin,8192,6575328
randcumu,IntChamp32Kotlin,16384,14285368
randcumu,IntChamp32Kotlin,32768,31337560
randcumu,IntChamp32Kotlin,65536,67448672
randcumu,IntChamp32Kotlin,131072,140846288
randcumu,IntChamp32Kotlin,262144,292399944
randcumu,IntChamp32Kotlin,524288,620606696
randcumu,IntChamp32Kotlin,1048576,1329558896
randcumu,IntChamp32Kotlin,2097152,2813138688
randcumu,IntChamp32Kotlin,4194304,5815792688
randcumu,IntChamp32Kotlin,8388608,11976868192
randcumu,ClojureTreeMap,1,192
randcumu,ClojureTreeMap,2,352
randcumu,ClojureTreeMap,4,816
randcumu,ClojureTreeMap,8,1912
randcumu,ClojureTreeMap,16,4584
randcumu,ClojureTreeMap,32,10664
randcumu,ClojureTreeMap,64,24920
randcumu,ClojureTreeMap,128,57152
randcumu,ClojureTreeMap,256,129760
randcumu,ClojureTreeMap,512,288952
randcumu,ClojureTreeMap,1024,634384
randcumu,ClojureTreeMap,2048,1397528
randcumu,ClojureTreeMap,4096,3030112
randcumu,ClojureTreeMap,8192,6538400
randcumu,ClojureTreeMap,16384,14021264
randcumu,ClojureTreeMap,32768,29974800
randcumu,ClojureTreeMap,65536,63664200
randcumu,ClojureTreeMap,131072,135519608
randcumu,ClojureTreeMap,262144,285659568
randcumu,ClojureTreeMap,524288,601170912
randcumu,ClojureTreeMap,1048576,1265334496
randcumu,ClojureTreeMap,2097152,2655386528
randcumu,ClojureTreeMap,4194304,5538568272
randcumu,ClojureTreeMap,8388608,11604185832
randcumu,PaguroTreeMap,1,248
randcumu,PaguroTreeMap,2,376
randcumu,PaguroTreeMap,4,760
randcumu,PaguroTreeMap,8,1672
randcumu,PaguroTreeMap,16,3920
randcumu,PaguroTreeMap,32,9024
randcumu,PaguroTreeMap,64,21040
randcumu,PaguroTreeMap,128,48272
randcumu,PaguroTreeMap,256,109680
randcumu,PaguroTreeMap,512,244480
randcumu,PaguroTreeMap,1024,537328
randcumu,PaguroTreeMap,2048,1184944
randcumu,PaguroTreeMap,4096,2571264
randcumu,PaguroTreeMap,8192,5552384
randcumu,PaguroTreeMap,16384,11913936
randcumu,PaguroTreeMap,32768,25483992
randcumu,PaguroTreeMap,65536,54152120
randcumu,PaguroTreeMap,131072,115325416
randcumu,PaguroTreeMap,262144,243181752
randcumu,PaguroTreeMap,524288,511951576
randcumu,PaguroTreeMap,1048576,1077896840
randcumu,PaguroTreeMap,2097152,2262691656
randcumu,PaguroTreeMap,4194304,4720637128
randcumu,PaguroTreeMap,8388608,9893029624
randcumu,ArrayMap,1,624
randcumu,ArrayMap,2,1200
randcumu,ArrayMap,4,2352
randcumu,ArrayMap,8,4656
randcumu,ArrayMap,16,9264
randcumu,ArrayMap,32,18480
randcumu,ArrayMap,64,97392
randcumu,ArrayMap,128,383736
randcumu,ArrayMap,256,1529320
randcumu,ArrayMap,512,6114208
randcumu,ArrayMap,1024,24434488
randcumu,ArrayMap,2048,97693288
randcumu,ArrayMap,4096,390683848
randcumu,ArrayMap,8192,1562556808
randcumu,ArrayMap,16384,6249870088
randcumu,ArrayMap,32768,24999290336
randcumu,ArrayMap,65536,99996781456
randcumu,IntHamt32Kotlin,1,184
randcumu,IntHamt32Kotlin,2,328
randcumu,IntHamt32Kotlin,4,656
randcumu,IntHamt32Kotlin,8,1456
randcumu,IntHamt32Kotlin,16,3632
randcumu,IntHamt32Kotlin,32,10448
randcumu,IntHamt32Kotlin,64,24216
randcumu,IntHamt32Kotlin,128,55736
randcumu,IntHamt32Kotlin,256,119184
randcumu,IntHamt32Kotlin,512,269536
randcumu,IntHamt32Kotlin,1024,641216
randcumu,IntHamt32Kotlin,2048,1382696
randcumu,IntHamt32Kotlin,4096,2966256
randcumu,IntHamt32Kotlin,8192,6339688
randcumu,IntHamt32Kotlin,16384,13696272
randcumu,IntHamt32Kotlin,32768,30655464
randcumu,IntHamt32Kotlin,65536,64521912
randcumu,IntHamt32Kotlin,131072,135862048
randcumu,IntHamt32Kotlin,262144,284647456
randcumu,IntHamt32Kotlin,524288,601866776
randcumu,IntHamt32Kotlin,1048576,1307545896
randcumu,IntHamt32Kotlin,2097152,2718873128
randcumu,IntHamt32Kotlin,4194304,5656172872
randcumu,IntHamt32Kotlin,8388608,11727663688
randcumu,ClojureRrbMap,1,520
randcumu,ClojureRrbMap,2,672
randcumu,ClojureRrbMap,4,1408
randcumu,ClojureRrbMap,8,2576
randcumu,ClojureRrbMap,16,6400
randcumu,ClojureRrbMap,32,18120
randcumu,ClojureRrbMap,64,41968
randcumu,ClojureRrbMap,128,89592
randcumu,ClojureRrbMap,256,183888
randcumu,ClojureRrbMap,512,372696
randcumu,ClojureRrbMap,1024,1066232
randcumu,ClojureRrbMap,2048,2143056
randcumu,ClojureRrbMap,4096,4294200
randcumu,ClojureRrbMap,8192,8606752
randcumu,ClojureRrbMap,16384,17227768
randcumu,ClojureRrbMap,32768,44683112
randcumu,ClojureRrbMap,65536,89380992
randcumu,ClojureRrbMap,131072,178780104
randcumu,ClojureRrbMap,262144,357577632
randcumu,ClojureRrbMap,524288,715180864
randcumu,ClojureRrbMap,1048576,1757532240
randcumu,ClojureRrbMap,2097152,3515072296
randcumu,ClojureRrbMap,4194304,7030174080
randcumu,ClojureRrbMap,8388608,14060366960
randcumu,IntHamt64Java,1,184
randcumu,IntHamt64Java,2,328
randcumu,IntHamt64Java,4,656
randcumu,IntHamt64Java,8,1456
randcumu,IntHamt64Java,16,3632
randcumu,IntHamt64Java,32,13008
randcumu,IntHamt64Java,64,29848
randcumu,IntHamt64Java,128,69232
randcumu,IntHamt64Java,256,149608
randcumu,IntHamt64Java,512,319976
randcumu,IntHamt64Java,1024,704480
randcumu,IntHamt64Java,2048,1711112
randcumu,IntHamt64Java,4096,3690000
randcumu,IntHamt64Java,8192,7749656
randcumu,IntHamt64Java,16384,16127608
randcumu,IntHamt64Java,32768,33795824
randcumu,IntHamt64Java,65536,73044360
randcumu,IntHamt64Java,131072,164378912
randcumu,IntHamt64Java,262144,339831144
randcumu,IntHamt64Java,524288,696098736
randcumu,IntHamt64Java,1048576,1428014104
randcumu,IntHamt64Java,2097152,2969829696
randcumu,IntHamt64Java,4194304,6365981576
randcumu,IntHamt64Java,8388608,13624307680
randcumu,PaguroRrbMap,1,216
randcumu,PaguroRrbMap,2,352
randcumu,PaguroRrbMap,4,720
randcumu,PaguroRrbMap,8,1824
randcumu,PaguroRrbMap,16,5520
randcumu,PaguroRrbMap,32,11792
randcumu,PaguroRrbMap,64,28768
randcumu,PaguroRrbMap,128,63344
randcumu,PaguroRrbMap,256,144440
randcumu,PaguroRrbMap,512,355824
randcumu,PaguroRrbMap,1024,794536
randcumu,PaguroRrbMap,2048,1633128
randcumu,PaguroRrbMap,4096,3406736
randcumu,PaguroRrbMap,8192,7354600
randcumu,PaguroRrbMap,16384,16820424
randcumu,PaguroRrbMap,32768,36013568
randcumu,PaguroRrbMap,65536,73092984
randcumu,PaguroRrbMap,131072,150399440
randcumu,PaguroRrbMap,262144,317596400
randcumu,PaguroRrbMap,524288,702328576
randcumu,PaguroRrbMap,1048576,1480179048
randcumu,PaguroRrbMap,2097152,2993926152
randcumu,PaguroRrbMap,4194304,6122100728
randcumu,PaguroRrbMap,8388608,12781096840
randcumu,PaguroVectorMap,1,504
randcumu,PaguroVectorMap,2,640
randcumu,PaguroVectorMap,4,1344
randcumu,PaguroVectorMap,8,2448
randcumu,PaguroVectorMap,16,6144
randcumu,PaguroVectorMap,32,17608
randcumu,PaguroVectorMap,64,40944
randcumu,PaguroVectorMap,128,87544
randcumu,PaguroVectorMap,256,179792
randcumu,PaguroVectorMap,512,364504
randcumu,PaguroVectorMap,1024,1049848
randcumu,PaguroVectorMap,2048,2110288
randcumu,PaguroVectorMap,4096,4228664
randcumu,PaguroVectorMap,8192,8475680
randcumu,PaguroVectorMap,16384,16965624
randcumu,PaguroVectorMap,32768,44158824
randcumu,PaguroVectorMap,65536,88332416
randcumu,PaguroVectorMap,131072,176682952
randcumu,PaguroVectorMap,262144,353383328
randcumu,PaguroVectorMap,524288,706792256
randcumu,PaguroVectorMap,1048576,1740755024
randcumu,PaguroVectorMap,2097152,3481517864
randcumu,PaguroVectorMap,4194304,6963065216
randcumu,PaguroVectorMap,8388608,13926149232
randcumu,PaguroHashMap,1,312
randcumu,PaguroHashMap,2,472
randcumu,PaguroHashMap,4,888
randcumu,PaguroHashMap,8,1912
randcumu,PaguroHashMap,16,4752
randcumu,PaguroHashMap,32,14096
randcumu,PaguroHashMap,64,30656
randcumu,PaguroHashMap,128,65376
randcumu,PaguroHashMap,256,139904
randcumu,PaguroHashMap,512,335232
randcumu,PaguroHashMap,1024,775776
randcumu,PaguroHashMap,2048,1634272
randcumu,PaguroHashMap,4096,3406672
randcumu,PaguroHashMap,8192,7155424
randcumu,PaguroHashMap,16384,16129184
randcumu,PaguroHashMap,32768,35531520
randcumu,PaguroHashMap,65536,73763176
randcumu,PaguroHashMap,131072,152064736
randcumu,PaguroHashMap,262144,315048888
randcumu,PaguroHashMap,524288,688005728
randcumu,PaguroHashMap,1048576,1480464824
randcumu,PaguroHashMap,2097152,3048113584
randcumu,PaguroHashMap,4194304,6241563736
randcumu,PaguroHashMap,8388608,12833633832
randcumu,ScalaHashMap,1,224
randcumu,ScalaHashMap,2,392
randcumu,ScalaHashMap,4,840
randcumu,ScalaHashMap,8,1976
randcumu,ScalaHashMap,16,5152
randcumu,ScalaHashMap,32,12552
randcumu,ScalaHashMap,64,31592
randcumu,ScalaHashMap,128,69512
randcumu,ScalaHashMap,256,151976
randcumu,ScalaHashMap,512,328672
randcumu,ScalaHashMap,1024,756496
randcumu,ScalaHashMap,2048,1673120
randcumu,ScalaHashMap,4096,3571144
randcumu,ScalaHashMap,8192,7474176
randcumu,ScalaHashMap,16384,15961672
randcumu,ScalaHashMap,32768,34829512
randcumu,ScalaHashMap,65536,75133736
randcumu,ScalaHashMap,131072,157161800
randcumu,ScalaHashMap,262144,325453416
randcumu,ScalaHashMap,524288,683920840
randcumu,ScalaHashMap,1048576,1458167400
randcumu,ScalaHashMap,2097152,3090385712
randcumu,ScalaHashMap,4194304,6402580024
randcumu,ScalaHashMap,8388608,13161529136
randcumu,IntHamt32Java,1,184
randcumu,IntHamt32Java,2,328
randcumu,IntHamt32Java,4,656
randcumu,IntHamt32Java,8,1456
randcumu,IntHamt32Java,16,3632
randcumu,IntHamt32Java,32,10448
randcumu,IntHamt32Java,64,24216
randcumu,IntHamt32Java,128,55736
randcumu,IntHamt32Java,256,119184
randcumu,IntHamt32Java,512,269536
randcumu,IntHamt32Java,1024,641216
randcumu,IntHamt32Java,2048,1382696
randcumu,IntHamt32Java,4096,2966256
randcumu,IntHamt32Java,8192,6339688
randcumu,IntHamt32Java,16384,13696272
randcumu,IntHamt32Java,32768,30655464
randcumu,IntHamt32Java,65536,64521912
randcumu,IntHamt32Java,131072,135862048
randcumu,IntHamt32Java,262144,284647456
randcumu,IntHamt32Java,524288,601866776
randcumu,IntHamt32Java,1048576,1307545896
randcumu,IntHamt32Java,2097152,2718873128
randcumu,IntHamt32Java,4194304,5656172872
randcumu,IntHamt32Java,8388608,11727663688
randcumu,ScalaRrbMap,1,216
randcumu,ScalaRrbMap,2,400
randcumu,ScalaRrbMap,4,864
randcumu,ScalaRrbMap,8,2160
randcumu,ScalaRrbMap,16,6240
randcumu,ScalaRrbMap,32,20104
randcumu,ScalaRrbMap,64,43520
randcumu,ScalaRrbMap,128,90352
randcumu,ScalaRrbMap,256,183736
randcumu,ScalaRrbMap,512,373024
randcumu,ScalaRrbMap,1024,1073600
randcumu,ScalaRrbMap,2048,2446752
randcumu,ScalaRrbMap,4096,5171216
randcumu,ScalaRrbMap,8192,10623224
randcumu,ScalaRrbMap,16384,22137640
randcumu,ScalaRrbMap,32768,55003992
randcumu,ScalaRrbMap,65536,120553576
randcumu,ScalaRrbMap,131072,252907144
randcumu,ScalaRrbMap,262144,515056760
randcumu,ScalaRrbMap,524288,1048906512
randcumu,ScalaRrbMap,1048576,2400740216
randcumu,ScalaRrbMap,2097152,5142945704
randcumu,ScalaRrbMap,4194304,10663661200
randcumu,ScalaRrbMap,8388608,21783099352
randcumu,SdkMap,1,232
randcumu,SdkMap,2,456
randcumu,SdkMap,4,1160
randcumu,SdkMap,8,3336
randcumu,SdkMap,16,10784
randcumu,SdkMap,32,37920
randcumu,SdkMap,64,141344
randcumu,SdkMap,128,544800
randcumu,SdkMap,256,2138144
randcumu,SdkMap,512,8470560
randcumu,SdkMap,1024,33718304
randcumu,SdkMap,2048,134545440
randcumu,SdkMap,4096,537526304
randcumu,SdkMap,8192,2148794400
randcumu,SdkMap,16384,8592556064
randcumu,IntChamp64Java,1,176
randcumu,IntChamp64Java,2,296
randcumu,IntChamp64Java,4,632
randcumu,IntChamp64Java,8,1496
randcumu,IntChamp64Java,16,4016
randcumu,IntChamp64Java,32,13880
randcumu,IntChamp64Java,64,31912
randcumu,IntChamp64Java,128,70608
randcumu,IntChamp64Java,256,143336
randcumu,IntChamp64Java,512,313696
randcumu,IntChamp64Java,1024,722344
randcumu,IntChamp64Java,2048,1765232
randcumu,IntChamp64Java,4096,3712592
randcumu,IntChamp64Java,8192,7595984
randcumu,IntChamp64Java,16384,15759096
randcumu,IntChamp64Java,32768,33540120
randcumu,IntChamp64Java,65536,75044368
randcumu,IntChamp64Java,131072,165031672
randcumu,IntChamp64Java,262144,334368896
randcumu,IntChamp64Java,524288,679219680
randcumu,IntChamp64Java,1048576,1393957120
randcumu,IntChamp64Java,2097152,2923760216
randcumu,IntChamp64Java,4194304,6384588416
randcumu,IntChamp64Java,8388608,13449301112
randcumu,ScalaTreeMap,1,288
randcumu,ScalaTreeMap,2,440
randcumu,ScalaTreeMap,4,904
randcumu,ScalaTreeMap,8,2000
randcumu,ScalaTreeMap,16,4608
randcumu,ScalaTreeMap,32,10672
randcumu,ScalaTreeMap,64,24816
randcumu,ScalaTreeMap,128,56744
randcumu,ScalaTreeMap,256,129000
randcumu,ScalaTreeMap,512,287456
randcumu,ScalaTreeMap,1024,630968
randcumu,ScalaTreeMap,2048,1390512
randcumu,ScalaTreeMap,4096,3016056
randcumu,ScalaTreeMap,8192,6509624
randcumu,ScalaTreeMap,16384,13965592
randcumu,ScalaTreeMap,32768,29863496
randcumu,ScalaTreeMap,65536,63439536
randcumu,ScalaTreeMap,131072,135068592
randcumu,ScalaTreeMap,262144,284762504
randcumu,ScalaTreeMap,524288,599370232
randcumu,ScalaTreeMap,1048576,1261732648
randcumu,ScalaTreeMap,2097152,2648201512
randcumu,ScalaTreeMap,4194304,5524192120
randcumu,ScalaTreeMap,8388608,11575440976
randcumu,ScalaIntMap,1,88
randcumu,ScalaIntMap,2,168
randcumu,ScalaIntMap,4,408
randcumu,ScalaIntMap,8,1008
randcumu,ScalaIntMap,16,2608
randcumu,ScalaIntMap,32,6208
randcumu,ScalaIntMap,64,14848
randcumu,ScalaIntMap,128,35168
randcumu,ScalaIntMap,256,80288
randcumu,ScalaIntMap,512,180528
randcumu,ScalaIntMap,1024,400928
randcumu,ScalaIntMap,2048,885088
randcumu,ScalaIntMap,4096,1937208
randcumu,ScalaIntMap,8192,4199848
randcumu,ScalaIntMap,16384,9055928
randcumu,ScalaIntMap,32768,19426168
randcumu,ScalaIntMap,65536,41474728
randcumu,ScalaIntMap,131072,88189048
randcumu,ScalaIntMap,262144,186835728
randcumu,ScalaIntMap,524288,394659928
randcumu,ScalaIntMap,1048576,831229328
randcumu,ScalaIntMap,2097152,1746318088
randcumu,ScalaIntMap,4194304,3660472648
randcumu,ScalaIntMap,8388608,7656329168
randcumu,IntChamp32Java,1,176
randcumu,IntChamp32Java,2,296
randcumu,IntChamp32Java,4,632
randcumu,IntChamp32Java,8,1496
randcumu,IntChamp32Java,16,4016
randcumu,IntChamp32Java,32,11320
randcumu,IntChamp32Java,64,27256
randcumu,IntChamp32Java,128,61232
randcumu,IntChamp32Java,256,126040
randcumu,IntChamp32Java,512,287680
randcumu,IntChamp32Java,1024,661752
randcumu,IntChamp32Java,2048,1475696
randcumu,IntChamp32Java,4096,3118944
randcumu,IntChamp32Java,8192,6575328
randcumu,IntChamp32Java,16384,14285368
randcumu,IntChamp32Java,32768,31337560
randcumu,IntChamp32Java,65536,67448672
randcumu,IntChamp32Java,131072,140846288
randcumu,IntChamp32Java,262144,292399944
randcumu,IntChamp32Java,524288,620606696
randcumu,IntChamp32Java,1048576,1329558896
randcumu,IntChamp32Java,2097152,2813138688
randcumu,IntChamp32Java,4194304,5815792688
randcumu,IntChamp32Java,8388608,11976868192
randcumu,IntImplicitKeyHamtKotlin,1,592
randcumu,IntImplicitKeyHamtKotlin,2,1144
randcumu,IntImplicitKeyHamtKotlin,4,2272
randcumu,IntImplicitKeyHamtKotlin,8,4624
randcumu,IntImplicitKeyHamtKotlin,16,9712
randcumu,IntImplicitKeyHamtKotlin,32,21000
randcumu,IntImplicitKeyHamtKotlin,64,45424
randcumu,IntImplicitKeyHamtKotlin,128,97656
randcumu,IntImplicitKeyHamtKotlin,256,203632
randcumu,IntImplicitKeyHamtKotlin,512,430608
randcumu,IntImplicitKeyHamtKotlin,1024,912440
randcumu,IntImplicitKeyHamtKotlin,2048,1942328
randcumu,IntImplicitKeyHamtKotlin,4096,4084552
randcumu,IntImplicitKeyHamtKotlin,8192,8517832
randcumu,IntImplicitKeyHamtKotlin,16384,17799336
randcumu,IntImplicitKeyHamtKotlin,32768,37273888
randcumu,IntImplicitKeyHamtKotlin,65536,78235768
randcumu,IntImplicitKeyHamtKotlin,131072,163177832
randcumu,IntImplicitKeyHamtKotlin,262144,337557984
randcumu,IntImplicitKeyHamtKotlin,524288,699602576
randcumu,IntImplicitKeyHamtKotlin,1048576,1452760176
randcumu,IntImplicitKeyHamtKotlin,2097152,3023890360
randcumu,IntImplicitKeyHamtKotlin,4194304,6262148608
randcumu,IntImplicitKeyHamtKotlin,8388608,12883569560
randcumu,ClojureHashMap,1,160
randcumu,ClojureHashMap,2,264
randcumu,ClojureHashMap,4,568
randcumu,ClojureHashMap,8,1368
randcumu,ClojureHashMap,16,4544
randcumu,ClojureHashMap,32,12528
randcumu,ClojureHashMap,64,29208
randcumu,ClojureHashMap,128,64328
randcumu,ClojureHashMap,256,141920
randcumu,ClojureHashMap,512,318360
randcumu,ClojureHashMap,1024,755648
randcumu,ClojureHashMap,2048,1613272
randcumu,ClojureHashMap,4096,3388944
randcumu,ClojureHashMap,8192,7153608
randcumu,ClojureHashMap,16384,15492232
randcumu,ClojureHashMap,32768,34598368
randcumu,ClojureHashMap,65536,72584800
randcumu,ClojureHashMap,131072,150320208
randcumu,ClojureHashMap,262144,312664080
randcumu,ClojureHashMap,524288,663899656
randcumu,ClojureHashMap,1048576,1442232736
randcumu,ClojureHashMap,2097152,2993752184
randcumu,ClojureHashMap,4194304,6152160568
randcumu,ClojureHashMap,8388608,12688275032
randcumu,RadixTreeRedux,1,160
randcumu,RadixTreeRedux,2,288
randcumu,RadixTreeRedux,4,640
randcumu,RadixTreeRedux,8,1712
randcumu,RadixTreeRedux,16,5344
randcumu,RadixTreeRedux,32,18648
randcumu,RadixTreeRedux,64,42680
randcumu,RadixTreeRedux,128,89224
randcumu,RadixTreeRedux,256,187568
randcumu,RadixTreeRedux,512,408880
randcumu,RadixTreeRedux,1024,949864
randcumu,RadixTreeRedux,2048,2033008
randcumu,RadixTreeRedux,4096,4133592
randcumu,RadixTreeRedux,8192,8531112
randcumu,RadixTreeRedux,16384,18113480
randcumu,RadixTreeRedux,32768,40424520
randcumu,RadixTreeRedux,65536,85047576
randcumu,RadixTreeRedux,131072,172197568
randcumu,RadixTreeRedux,262144,352787912
randcumu,RadixTreeRedux,524288,739137272
randcumu,RadixTreeRedux,1048576,1612499528
randcumu,RadixTreeRedux,2097152,3359223368
randcumu,RadixTreeRedux,4194304,6785561592
randcumu,RadixTreeRedux,8388608,13839568752
